1;abnormalities;abnormality;abnormalitys/abnormalitiez/abnormalities
2;absences;absence;absence/abzencen/absences
3;absurdities;absurdity;aburditys/abzurditie/absurdities
4;abuses;abuse;abues/abuss/abuses
5;academies;academy;academie/academy/academies
6;accounts;account;account/accountes/accounts
7;aces;ace;ace/acees/aces
8;acknowledgements;acknowledgement;acknowledgement/acknowledgemente/acknowledgements
9;acquaintances;acquaintance;acquaintance/acquaintanses/acquaintances
10;activities;activity;activitys/activitie/activities
11;actresses;actress;actrees/actreses/actresses
12;actualities;actuality;actualitys/actualitie/actualities
13;adagios;adagio;adagio/adagi/adagios
14;addresses;address;addrees/addressen/addresses
15;admirals;admiral;admiral/admiralees/admirals
16;advantages;advantage;advantage/advantage/advantages
17;adversaries;adversary;adversarie/adverzaries/adversaries
18;affairs;affair;affair/affaire/affairs
19;affinities;affinity;affinitys/affinity/affinities
20;afros;afro;afro/afroes/afros
21;ages;age;age/agez/ages
22;agendas;agenda;agenda/agendi/agendas
23;agonies;agony;agonie/agonien/agonies
24;aims;aim;aim/aimes/aims
25;airbuses;airbus;airbue/airbuss/airbuses
26;airpasses;airpass;airpass/airpases/airpasses
27;airways;airway;airways/airwayes/airway
28;albums;album;album/albumer/albums
29;alehouses;alehouse;alehousen/alehouss/alehouses
30;alloys;alloy;alloy/alloyes/alloys
31;allies;ally;allie/allys/allies
32;ambiguities;ambiguity;ambiguitys/ambiguities/ambiguitie
33;ambulances;ambulance;ambulance/ambulances/ambulancess
34;ambushes;ambush;ambuhe/ambushes/ambushs
35;amenities;amenity;amenitys/amenities/amenitie
36;analogies;analogy;analogie/analogies/analogys
37;analyses;analysis;analye/analyss/analyses
38;anchovies;anchovy;anchovie/anchovies/anchovys
39;anima;animus;anima/animae/animuses
40;anniversaries;anniversary;anniverarie/anniveresaries/anniversaries
41;anomalies;anomaly;anomalie/anomalies/anomalyes
42;ants;ant;ant/antes/ants
43;antennas;antenna;antenna/antennaes/antennas
44;anticlimaxes;anticlimax;anticlimaxe/anticlimaxes/anticlimaxis
45;antiquities;antiquity;antiquitys/antiquities/antiquitis
46;apologies;apology;apologie/apologies/apologys
47;aporias;aporia;aporia/aporiaes/aporias
48;appendices;appendix;appendixe/appendixes/appendices
49;approaches;approach;approache/approaches/approachs
50;arabs;arab;arab/arabes/arabs
51;archipelages;archipelago;archipelage/archipelages/archipelagies
52;arenas;arena;arena/arenaes/arenas
53;arias;aria;aria/ariaes/arias
54;armies;army;armie/armies/armys
55;aromas;aroma;aroma/aromaes/aromas
56;arquebuses;arquebus;arquebue/arquebuss/arquebuses
57;arrays;array;array/arrayes/arrays
58;ashes;ash;ashe/ashez/ashes
59;asses;ass;asse/asez/asses
60;asylums;asylum;asylum/azylae/asylums
61;atoms;atom;atom/atomz/atoms
62;attorneys;attorney;attornies/attorneyz/attorneys
63;authorities;authority;authoritys/authoritie/authorities
64;avocados;avocado;avocado/avocadoes/avocados
65;axes;axis;axe/axees/axes
66;badges;badge;badge/badgees/badges
67;baits;bait;bait/baitz/baits
68;balconies;balcony;balconie/balconiez/balconies
69;ballerinas;ballerina;ballerina/ballerinaz/ballerinas
70;bamboos;bamboo;bamboo/bamboes/bamboos
71;bananas;banana;banana/bananae/bananas
72;banjoes;banjo;banjoe/banjos/banjoes
73;bases;base;basae/bass/bases
74;batches;batch;batches/batche/batchs
75;baths;bath;bathes/bathz/baths
76;batteries;battery;batterie/batterys/batteries
77;bays;bay;bays/baies/bay
78;beaches;beach;beaches/beachees/beachs
79;beauties;beauty;beautys/beauty/beauties
80;beerhouses;beerhouse;beerhoue/beerhouss/beerhouses
81;bellies;belly;bellie/belly/bellies
82;bikers;biker;biker/bikeres/bikers
83;billies;billy;billie/billiez/billies
84;bistros;bistro;bitro/biztroz/bistros
85;blouses;blouse;blouses/blousse/blouse
86;blushes;blush;blushes/blushe/blush
87;bobbies;bobby;bobbies/bobbyz/bobbys
88;bodies;body;bodie/bodiez/bodies
89;bogies;bogey;bogie/bogeys/bogies
90;boroughs;borough;borough/boroughes/boroughs
91;bosomes;bosoms;boomes/bozomez/bosoms
92;bosses;boss;bosse/boses/bosses
93;boxes;box;boxes/boxen/boxs
94;boys;boy;boys/boyz/boyes
95;branches;branch;branche/branchez/branches
96;brasses;brass;brasse/brass/brasses
97;breaches;breach;breache/breachez/breaches
98;breakaways;breakaway;breakaway/breakawayz/breakaways
99;breweries;brewery;brewerie/breweries/brewerys
100;bridges;bridge;bridge/bridgez/bridges
101;broadleaves;broadleaf;broadleave/broadleafs/broadleaves
102;broncos;bronco;bronco/broncoes/broncos
103;brushes;brush;brushe/brush/brushes
104;buddies;buddy;buddie/buddies/buddys
105;buffaloes;buffalo;buffaloe/buffaloez/buffaloes
106;buffalos;buffalo;buffalos/buffaloez/buffalo
107;bullyboys;bullyboy;bullyboies/bullyboyes/bullyboys
108;buses;bus;buses/buss/buse
109;businesses;bushiness;businessees/buziness/businesses
110;busybodies;busybody;busybodies/buzybodys/busiesbodies
111;butterflies;butterfly;butterflies/butterfliez/butterfliys
112;buttresses;buttress;buttrees/buttress/buttresses
113;byebyes;byebye;byebye/byebys/byebyes
114;cacti;cactus;cacti/cactuss/cacta
115;cactuses;cactus;cactue/cactuss/cactuses
116;calves;calf;calve/calfes/calves
117;cameras;camera;cameras/camerae/camera
118;campuses;campus;campuse/campuss/campuses
119;canaries;canary;canarie/canarys/canaries
120;carcasses;carcass;carcasses/carcasez/carcassees
121;caresses;caress;careess/caresez/caresses
122;cargoes;cargo;cargoe/cargos/cargoes
123;case-studies;case-study;case-studies/cases-studys/case-studie
124;casinos;casino;casinos/cazinoes/casini
125;censuses;census;censuse/censues/censuses
126;centrehalves;centrehalf;centrehalves/centreshalves/centrehalfes
127;centuries;century;centurie/centuries/centuriys
128;cheeses;cheese;cheeses/cheess/cheese
129;chefs;chef;chef/chefz/chefs
130;cherries;cherry;cherries/cherrys/cherryies
131;chiefs;chief;chief/chiefs/chieves
132;children;child;children/childrens/childes
133;choices;choice;choices/choicez/choice
134;choruses;chorus;chorue/choruses/choruss
135;churches;church;churches/churche/churchs
136;cinemas;cinema;cinemas/cinemae/cinemasses
137;circuses;circus;circue/circuses/circui
138;clashes;clash;clashes/clash/clashs
139;cliffs;cliff;cliffs/cliff/clives
140;clutches;clutch;clutche/clutches/clutchs
141;codices;codex;codices/codixes/codics
142;colleges;college;college/colleges/collegues
143;comas;coma;comas/comae/comases
144;comedies;comedy;comedies/comedys/comedie
145;compasses;compass;compass/compases/compasses
146;complexes;complex;complexe/complecses/complexes
147;concertos;concerto;concerto/concertoes/concertos
148;congresses;congress;congresses/congreses/congress
149;conquistadores;conquistador;conquitadore/conquistadores/conquistadors
150;contexts;context;contexts/contextes/context
151;cookies;cookie;cookys/cookiez/cookies
152;corpses;corpse;corpses/corpss/corpsess
153;countries;country;countries/countrysz/countriess
154;courses;course;courses/courss/coursese
155;crashes;crash;crashe/crashez/crashes
156;crayfishes;crawfish;crayfish/craysfish/crayfishes
157;credos;credo;credos/credi/credoes
158;crises;crisis;criess/crisess/crises
159;crocuses;crocus;crocue/crocuss/crocuses
160;crossways;crossway;crosways/crozzway/crossways
161;crucifixes;crucifix;crucifixes/crucifices/crucificses
162;cruelties;cruelty;cruelties/crueltiers/crueltyen
163;cruises;cruise;cruises/cruissess/cruisen
164;crunches;crunch;crunches/crunchess/crunchen
165;curricula;curriculum;curricula/curriculas/curriculums
166;curries;curry;curries/curryess/currie
167;dahlias;dahlia;dahlias/dahliae/dahliasses
168;dairies;dairy;dairies/dairiers/dairys
169;dashes;dash;dashes/dasshess/dashen
170;databases;database;databases/databasess/databasa
171;deaths;death;deaths/deathss/deathes
172;deejays;deejay;deejays/deejazz/deejayz
173;deities;deity;deities/deitiers/deitys
174;delays;delay;delays/delay/delays
175;delicacies;delicacy;delicacies/delicacys/delicacien
176;derbies;derby;derbies/derbys/derbiess
177;diagnoses;diagnosis;diagnoses/diagnosess/diagnosen
178;dialogues;dialogue;dialogues/dialogueses/dialoguen
179;dictums;dictum;dictums/dicta/dictas
180;diesels;diesel;diesels/diersels/diesel
181;dildos;dildo;dildos/dildoss/dildoes
182;dioceses;diocese;dioceses/diocesess/diocesen
183;diplomas;diploma;diplomas/diplomass/diplomae
184;dirtytricks;dirtytrick;dirtytricks/dirtytrickss/dirtiestricks
185;dishes;dish;dishes/dishess/dishs
186;dishwashers;dishwasher;dishwashers/disshwasshers/disheswasher
187;ditties;ditty;ditties/dittiys/dittys
188;dobermanns;dobermann;dobermanns/dobermen/dobermans
189;dodays;doday;dodays/dodaies/dodais
190;doggie;doggy;doggie/doggies/doggys
191;dollars;dollar;dollars/dollarss/dollar
192;dollies;dolly;dollies/dolliess/dollien
193;dominoes;domino;dominoes/dominoess/dominos
194;doses;dose;doses/dosses/dosen
195;dragonflies;dragonfly;dragonflies/dragonfliys/dragonflys
196;dummies;dummy;dummies/dummys/dummien
197;dwarves;dwarf;dwarves/dwarfes/dwarfs
198;dynamos;dynamo;dynamos/dynamoss/dynamoes
199;earrings;earring;earrings/ear-rings/earring
200;echoes;echo;echoes/echoess/echos
201;eggplants;eggplant;eggplants/eggplans/eggplant
202;egos;ego;egos/egoes/ego
203;elves;elf;elves/elfess/elfs
204;ellipses;ellipsis;ellipses/ellipsess/ellipsises
205;embryos;embryo;embryos/embryonis/embryoes
206;emporia;emporium;emporia/emporias/emporiums
207;energies;energy;energys/energiess/energies
208;enigmas;enigma;enigmas/enigmata/enigmen
209;eskimos;eskimo;eskimos/esskimoss/enkimoes
210;exams;exam;exams/examss/examens
211;extras;extra;extras/extraee/extra
212;eyeballs;eyeball;eyeballs/eye-balls/eyeball
213;faxes;fax;faxes/faxess/faxen
214;fiascos;fiasco;fiascos/fiasscees/fiascoes
215;fistfights;fistfight;fistfights/fist fights/fistfight
216;flamingos;flamingo;flamingos/flamingoss/flamingoes
217;foetuses;foetus;foetuses/foeti/foetusen
218;folk-heroes;folk-hero;folk-heroes/folk-heroess/folkheroen
219;footknives;footknife;footknives/footknivess/footknifes
220;formulas;formula;formulae/formulass/formulas
221;foxes;fox;fox/foxes/foxen
222;franjiehs;franjo;franjiehs/franjies/franji
223;frescoes;fresco;frescos/frescoes/fresscoes
224;fuddyduddies;fuddyduddy;fuddyduddies/fuddy duddies/fuddyduddys
225;funguses;fungus;funguses/funghi/fungi
226;galaxies;galaxy;galaxies/galaxys/galaxien
227;gearboxes;gearbox;gearboxes/gearboxess/gearboxs
228;glasses;glass;glasses/glas/glasen
229;gloves;glove;gloves/glovess/glofes
230;geese;goose;geese/goses/gooses
231;guerillas;guerilla;guerillas/guerillass/guerilleers
232;haematomas;haematoma;haematomas/haematomass/haematomae
233;hair-dos;hair-do;hair-dos/hair-does/hairdos
234;halves;half;halves/halfes/halfs
235;handcuffs;handcuff;handcuffs/handcuffes/handcuff
236;handkerchieves;handkerchief;handkerchiefes/handkerchiefs/handkerchieves
237;hedges;hedge;hedges/hedgs/hedgen
238;heroes;hero;heroes/heross/heroen
239;heteros;hetero;heteri/heteros/hetero
240;hippoes;hippo;hippoes/hippos/hippoen
241;home-movies;home-movie;home-movies/home-movys/homemovies
242;hooves;hoof;hooves/hoofes/hoofs
243;hormones;hormon;hormons/hormones/hormonen
244;housewives;housewife;housewives/housewifes/housewiven
245;hyenas;hyena;hyenae/hyenas/hyenases
246;hypotheses;hypothesis;hypothesis/hypotheses/hypothesises
247;icebergs;iceberg;icebergs/iceberg/ice-bergs
248;igloos;igloo;igloos/igloose/igloo
249;illnesses;illness;illnesses/illneses/illness
250;impetuses;impetus;impetuses/impetusi/impetusen
251;impulses;impulse;impulses/impulsess/impulse
252;incas;inca;incae/incas/incs
253;inequities;inequity;inequities/inequitys/inequitien
254;interfaces;interface;interfaces/interfacess/interfacen
255;irises;iris;irises/irisess/irisen
256;itches;itch;itchs/itches/itcher
257;jerseys;jersey;jerseys/jersys/jersey
258;journeys;journey;journeyss/journeys/journys
259;joys;joy;joy/joyes/joys
260;jugs;jug;jug/juges/jugs
261;kangaroos;kangaroo;kangaroos/kangaroes/kangaroses
262;kilos;kilo;kili/kilos/kiloses
263;kiosks;kiosk;kioskes/kiosks/kiosken
264;kisses;kiss;kiss/kisses/kisse
265;knives;knife;knifes/knives/knifs
266;ladies;lady;ladie/ladies/ladys
267;landladies;landlady;land-ladys/landladies/landladys
268;lassoes;lasso;lassi/lassos/lassoes
269;leaves;leaf;leave/leaves/leafes
270;lean-tos;lean-to;lean-to/lean-tos/leantos
271;lettuces;lettuce;lettuce/lettuces/lettuses
272;lives;life;lifs/lives/lifes
273;litanies;litany;litanie/litanies/litanys
274;loaves;loaf;loafs/loafes/loaves
275;lobbies;lobby;lobbie/lobbies/lobbys
276;losses;loss;loss/losses/loses
277;lice;louse;louses/lice/lise
278;lies;ly;lis/lies/lys
279;machetes;machete;machete/machetes/macheten
280;mafiosos;mafioso;mafiosi/mafiosos/mafiososs
281;magazines;magazine;magazine/magazines/magasines
282;mangoes;mango;mangi/mango/mangoes
283;mantras;mantra;mantren/mantras/mantrassen
284;matches;match;matche/matchs/matches
285;matrices;matrix;matrixes/matrices/matrics
286;mattresses;mattress;mattres/mattresses/mattreses
287;maxima;maximum;maximas/maximae/maxima
288;mediums;medium;medium/mediums/media
289;mementoes;memento;mementoes/memento/mementos
290;memories;memory;memorie/memories/memorys
291;mestizos;mestizo;mestizo/mestizos/mestisi
292;mini-heroes;mini-hero;mini-heros/mini-heroes/miniheroes
293;minuses;minus;minuse/minuses/minussess
294;miseries;misery;miserie/miseries/miserys
295;mistresses;mistress;mistres/mistresses/mistreses
296;monkeys;monkey;monkies/monkeys/monkys
297;mosquitos;mosquito;mosquito/mosquitos/mosquitoes
298;mottoes;motto;mottoe/motti/mottoes
299;mottos;motto;motto/mottos/motti
300;mice;mouse;mouses/mises/mice
301;movies;movie;movie/movies/movys
302;mummies;mummy;mummie/mummies/mummys
303;nappies;nappy;nappyes/nappies/nappys
304;neurosis;neuroses;neurosess/neurosis/neuroses
305;niceties;nicety;nicetyes/niceties/nicetys
306;nonmembers;nonmember;nonmember/nonmembers/non-members
307;oases;oasis;oasises/oases/oasess
308;oboes;obo;oboen/oboes/obos
309;occurrences;occurrence;occurrenses/occurrences/occurrencs
310;orcas;orca;orcae/orcase/orcas
311;ostriches;ostrich;otriche/ostrichs/ostriches
312;outlays;outlay;outlayes/outlays/outlaies
313;outsidehalves;outsidehalf;outidehalfes/outsidehalves/outside-halves
314;pandas;panda;pandae/pandas/pandi
315;parodies;parody;parodise/parodies/parodys
316;parties;party;partie/parties/partys
317;passersby;passerby;passersbies/passersby/passersbys
318;paydays;payday;paydayes/pay-days/paydays
319;penalties;;penaltie/penalty/penalties
320;pesetas;peseta;pesetas/pesetae/peseten
321;phobias;phobia;phobias/phobiae/phobien
322;pillboxes;pillbox;pillboxes/pillboxs/pillboxess
323;pizzas;pizza;pizze/pizzen/pizzas
324;plays;play;play/plays/playes
325;pneumonias;pneumonia;pneumoniae/pneumonias/pneumonia
326;poetries;poetry;poetrie/poetries/poetrys
327;poppies;poppy;poppie/poppies/poppys
328;portfolios;portfolio;portfolio/portfolios/port-folios
329;potatoes;potato;potatoss/potatoes/potates
330;prefaces;preface;prefacess/prefaces/prefacs
331;premiums;premium;premium/premia/premiums
332;primroses;primrose;primrise/prim-roses/primroses
333;proofs;proof;prooves/proofes/proofs
334;provisos;proviso;provio/provisoes/provisos
335;pussies;pussy;pusie/pussies/pussys
336;pyjamas;pyjama;pyjama/pyjamas/pyjamae
337;quarries;quarry;quarriess/quarries/quarrys
338;quotas;quota;quoti/quotae/quotas
339;railways;railway;railway/railways/railwaies
340;reaves;reaf;reaves/reafes/reafs
341;redskins;redskin;redkins/redskins/red-skins
342;reefs;reef;reeves/reevs/reefs
343;reflexes;reflex;reflexes/reflexis/reflexen
344;refugees;refugee;refugee/refugees/refuges
345;remedies;remedy;remedie/remedies/remedys
346;reproaches;reproach;reproache/reproachs/reproaches
347;retinas;retina;retina/retinae/retinas
348;roofs;roof;roofs/rooves/roovs
349;rooftrees;rooftree;roof-trees/rooftrees/rooftres
350;royalties;royalty;royaltie/royalties/royaltys
351;safaris;safari;safari/safaris/safariss
352;safes;safe;save/safes/saves
353;salvages;salvage;salvagee/salvages/salvags
354;scarves;scarf;scarves/scarfes/scarfs
355;scenarios;scenario;scenario/scenarioes/scenarios
356;schemas;schema;schemata/schemas/schemae
357;scratches;scratch;scratches/scratchs/scratch
358;semicolons;semicolon;semicolon/semicola/semicolons
359;sexes;sex;sexe/sexes/sexis
360;shampoos;shampoo;shampoos/shampos/shampoes
361;sheaves;sheaf;sheaves/sheafes/sheafs
362;shelves;shelf;shelfs/shelfes/shelves
363;shithouses;shithouse;shithouses/shit-houses/shithousen
364;sixes;six;sixes/sixs/six
365;skyways;skyway;sky-ways/skywais/skyways
366;slaves;slave;slafe/slaves/slavs
367;slices;slice;slice/slices/slics
368;smashes;smash;smashe/smashes/smashs
369;snowfoxes;snowfox;snowfoxen/snowfoxes/snowfoxs
370;solos;solo;soli/solos/soloes
371;sonatas;sonata;sonatae/sonatas/sonatis
372;speeches;speech;speechs/speeches/speaches
373;sphinxes;sphinx;sphinxs/sphinxess/sphinxes
374;splashes;splash;splahs/splashe#s/splashes
375;sponges;sponge;spongee/sponges/spongs
376;sprays;spray;spraies/sprays/spray
377;spies;spy;spyies/spies/spys
378;squashes;squash;squashs/squashes/squahes
379;stadiums;stadium;stadien/stadiums/stadi
380;stamina;stamen;stamina/stamens/stamenes
381;standbys;standby;stand-by/standbys/standbies
382;statues;statue;statuses/statuess/statues
383;stigmata;stigma;stigmaten/stigmata/stigmen
384;stimuli;stimulus;stimuli/stimuluses/stimuluss
385;stomachs;stomach;stomach/stomaches/stomachs
386;stories;story;stories/storis/storys
387;stratagems;strategem;stratageme/stratagemes/stratagems
388;strategies;strategy;strategie/strategies/strategys
389;strata;stratum;strata/stratums/straten
390;strawberries;strawberry;strawberrie/strawberries/strawberrys
391;strays;stray;strais/strayes/strays
392;stresses;stress;stress/stresses/streses
393;studios;studio;studio/studios/studis
394;subtleties;subtlety;subtletie/subtleties/subtletys
395;suffixes;suffix;suffixe/suffixs/suffixes
396;suitcases;suitcase;suitcase/suitcasen/suitcases
397;super-heroes;super-hero;super-heroe/super-heroes/superheroes
398;surpluses;surplus;surpluses/surpluss/surpluse
399;surveys;survey;survey/surveyes/surveys
400;switches;switch;switche/switchs/switches
401;syllabuses;syllabus;syllabusses/syllabuses/syllabuss
402;symphonies;symphony;symphonie/symphonies/symphonys
403;symposiums;symposium;sympoium/symposiums/symposia
404;synopses;synopsis;synopsises/synopses/synopsis
405;taboos;taboo;tabos/taboes/taboos
406;takeoffs;takeoff;take-off/takeoff/takeoffs
407;tangos;tango;tango/tangoes/tangos
408;tattoos;tattoo;tattoes/tattoos/tattoo
409;tavernas;taverna;taverna/tavernas/tavernae
410;theories;theory;theories/theoriyes/theorys
411;theses;thesis;thesen/theses/thesis
412;thieves;thief;thieves/thiefes/thiefs
413;thrushes;thrush;thrushe/thrushs/thrushes
414;tobaccoes;tobacco;tobaccoes/tobaccoss/tobaccoe
415;tomatoes;tomato;tomats/tomatoes/tomatoes
416;toolboxes;toolbox;toolboxen/toolboxs/toolboxes
417;teeth;tooth;teeth/tooths/toothes
418;tornadoes;tornado;tornadoe/tornadoes/tornadoes
419;torsos;torso;torsos/torsoes/torsi
420;touches;touch;touche/touchs/touches
421;tourneys;tourney;tourneys/tournys/tournies
422;tragedies;tragedy;tragedien/tragedies/tragedys
423;tramways;tramway;tramway/tram-ways/tramways
424;trashes;trash;trashes/trashe/trashs
425;trays;tray;traies/trays/trais
426;tricepses;triceps;tricepses/tricepse/tricepss
427;trolleys;trolley;trolleys/trollys/trollies
428;trophies;trophy;trophie/trophies/trophys
429;turves;turf;turves/turfes/turfs
430;turkeys;turkey;turkeys/turkys/turkies
431;twitches;twitch;twitche/twitchs/twitches
432;umbrellas;umbrella;umbrella/umbrellass/umbrellas
433;universes;universe;universes/universis/universess
434;untruths;untruth;untruthes/untruths/untruth
435;utopias;utopia;utopias/utopiaes/utopiae
436;vacuums;vacuum;vacuum/vacua/vacuums
437;varieties;variety;varietie/varieties/varietys
438;vetoes;veto;vetoss/vetoes/vetoes
439;viruses;virus;viruse/viruses/virusses
440;visas;visa;visae/visas/visa
441;vistas;vista;vistae/vistas/vista
442;volcanoes;volcano;volcanoe/volcanus/volcanoes
443;waitresses;waitress;waitresse/waitresses/waitreses
444;wallabies;wallaby;wallabie/wallabies/wallabys
445;wannabees;wannabee;wannabee/wannabees/wannabes
446;warranties;warranty;warrantie/warranties/warrantys
447;watches;watch;watche/watchs/watches
448;waxes;wax;waxs/waxes/waxes
449;ways;way;wais/ways/wayes
450;weekdays;weekday;weekday/weekdays/weekdaies
451;weirdos;weirdo;weirdo/weirdos/weirdoes
452;wharves;wharf;wharves/wharfes/wharvs
453;whiteflies;whitefly;whiteflies/white-flies/whiteflys
454;wives;wife;wives/wifes/wivs
455;windowboxes;windowbox;windowboxes/windowboxs/windowbox
456;witnesses;witness;witnessee/witnesses/witneses
457;women;woman;women/woman/womens
458;workforces;workforce;workforce/workforces/workforcs
459;worries;worry;worrie/worries/worrys
460;wretches;wretch;wretche/wretches/wretchs
461;yawns;yawn;yawn/yawns/yawnes
462;yeards;yeard;yeard/yeards/yeardes
463;yuppies;yuppie;yuppie/yuppies/yuppys
464;zeros;zero;zero/zeros/zeroes
465;alumni;alumni;alumnis/alumns/alumnos